Country or Region,latitude,longitude,Rank,Score,GDP,Family,Health,Freedom,Generosity,Corruption,Year
Norway,60.472024,8.468946,1,7.537000179290769,1.61646318435669,1.53352355957031,0.796666502952576,0.635422587394714,0.36201223731041,0.315963834524155,2017
Denmark,56.26392,9.501785,2,7.52199983596802,1.48238301277161,1.55112159252167,0.792565524578094,0.626006722450256,0.355280488729477,0.40077006816864,2017
Iceland,64.963051,-19.020835,3,7.50400018692017,1.480633020401,1.6105740070343,0.833552122116089,0.627162635326385,0.475540220737457,0.153526559472084,2017
Switzerland,46.818188,8.227512,4,7.49399995803833,1.56497955322266,1.51691174507141,0.858131289482117,0.620070576667786,0.290549278259277,0.367007285356522,2017
Finland,61.92411,25.748151,5,7.468999862670901,1.44357192516327,1.5402467250824,0.80915766954422,0.617950856685638,0.24548277258873,0.38261154294014,2017
Netherlands,52.132633,5.291266,6,7.3769998550415,1.50394463539124,1.42893922328949,0.810696125030518,0.585384488105774,0.470489829778671,0.282661825418472,2017
Canada,56.130366,-106.346771,7,7.31599998474121,1.47920441627502,1.48134899139404,0.83455765247345,0.611100912094116,0.435539722442627,0.287371516227722,2017
New Zealand,-40.900557,174.885971,8,7.31400012969971,1.40570604801178,1.54819512367249,0.816759705543518,0.614062130451202,0.500005125999451,0.38281670212745694,2017
Sweden,60.128161,18.643501,9,7.28399991989136,1.49438726902008,1.47816216945648,0.830875158309937,0.612924098968506,0.38539925217628496,0.384398728609085,2017
Australia,-25.274398,133.775136,10,7.28399991989136,1.484414935112,1.51004195213318,0.84388679265976,0.601607382297516,0.477699249982834,0.301183730363846,2017
Israel,31.046051,34.851612,11,7.212999820709231,1.37538242340088,1.37628996372223,0.83840399980545,0.405988603830338,0.330082654953003,0.0852421000599861,2017
Costa Rica,9.748917,-83.753428,12,7.0789999961853,1.10970628261566,1.41640365123749,0.759509265422821,0.580131649971008,0.214613229036331,0.100106589496136,2017
Austria,47.516231,14.550072,13,7.00600004196167,1.48709726333618,1.4599449634552,0.815328419208527,0.567766189575195,0.316472321748734,0.221060365438461,2017
United States,37.09024,-95.712891,14,6.993000030517581,1.54625928401947,1.41992056369781,0.77428662776947,0.505740523338318,0.392578780651093,0.135638788342476,2017
Ireland,53.41291,-8.24389,15,6.9770002365112305,1.53570663928986,1.55823111534119,0.80978262424469,0.573110342025757,0.42785832285881,0.29838815331459,2017
Germany,51.165691,10.451526,16,6.9510002136230495,1.48792338371277,1.47252035140991,0.798950731754303,0.562511384487152,0.336269170045853,0.276731938123703,2017
Belgium,50.503887,4.469936,17,6.89099979400635,1.46378076076508,1.46231269836426,0.818091869354248,0.539770722389221,0.231503337621689,0.251343131065369,2017
Luxembourg,49.815273,6.129583,18,6.86299991607666,1.74194359779358,1.45758366584778,0.845089495182037,0.59662789106369,0.283180981874466,0.31883442401886,2017
United Kingdom,55.378051,-3.435973,19,6.71400022506714,1.44163393974304,1.49646008014679,0.805335938930511,0.508190035820007,0.492774158716202,0.265428066253662,2017
Chile,-35.675147,-71.542969,20,6.65199995040894,1.25278460979462,1.28402495384216,0.819479703903198,0.376895278692245,0.326662421226501,0.0822879821062088,2017
United Arab Emirates,23.424076,53.847818,21,6.6479997634887695,1.62634336948395,1.26641023159027,0.726798236370087,0.60834527015686,0.3609419465065,0.324489563703537,2017
Brazil,-14.235004,-51.92528,22,6.63500022888184,1.10735321044922,1.43130600452423,0.616552352905273,0.437453746795654,0.16234989464283,0.111092761158943,2017
Czech Republic,49.817492,15.472962,23,6.60900020599365,1.35268235206604,1.43388521671295,0.754444003105164,0.490946173667908,0.0881067588925362,0.0368729270994663,2017
Argentina,-38.416097,-63.616672,24,6.59899997711182,1.18529546260834,1.44045114517212,0.695137083530426,0.494519203901291,0.109457060694695,0.059739887714386,2017
Mexico,23.634501,-102.552784,25,6.57800006866455,1.15318381786346,1.210862159729,0.709978997707367,0.412730008363724,0.120990432798862,0.132774114608765,2017
Singapore,1.352083,103.819836,26,6.57200002670288,1.69227766990662,1.35381436347961,0.949492394924164,0.549840569496155,0.345965981483459,0.46430778503418,2017
Malta,35.937496,14.375416,27,6.52699995040894,1.34327983856201,1.48841166496277,0.821944236755371,0.588767051696777,0.574730575084686,0.153066068887711,2017
Uruguay,-32.522779,-55.765835,28,6.4539999961853,1.21755969524384,1.41222786903381,0.719216823577881,0.57939225435257,0.175096929073334,0.178061872720718,2017
Guatemala,15.783471,-90.230759,29,6.4539999961853,0.872001945972443,1.25558519363403,0.540239989757538,0.531310617923737,0.283488392829895,0.0772232785820961,2017
Panama,8.537981,-80.782127,30,6.4520001411438,1.23374843597412,1.37319254875183,0.706156134605408,0.550026834011078,0.21055693924427,0.070983923971653,2017
France,46.227638,2.213749,31,6.44199991226196,1.43092346191406,1.38777685165405,0.844465851783752,0.470222115516663,0.129762306809425,0.172502428293228,2017
Thailand,15.870032,100.992541,32,6.4239997863769505,1.12786877155304,1.42579245567322,0.647239029407501,0.580200731754303,0.572123110294342,0.0316127352416515,2017
Taiwan,25.04776,121.53185,33,6.42199993133545,1.43362653255463,1.38456535339355,0.793984234333038,0.361466586589813,0.258360475301743,0.0638292357325554,2017
Spain,40.463667,-3.74922,34,6.40299987792969,1.38439786434174,1.53209090232849,0.888960599899292,0.408781230449677,0.190133571624756,0.0709140971302986,2017
Qatar,25.354826,51.183884,35,6.375,1.87076568603516,1.27429687976837,0.710098087787628,0.604130983352661,0.330473870038986,0.439299255609512,2017
Colombia,4.570868,-74.297333,36,6.35699987411499,1.07062232494354,1.4021829366684,0.595027923583984,0.477487415075302,0.149014472961426,0.0466687418520451,2017
Saudi Arabia,23.885942,45.079162,37,6.343999862670901,1.53062355518341,1.28667759895325,0.590148329734802,0.449750572443008,0.147616013884544,0.27343225479126,2017
Trinidad and Tobago,10.691803,-61.222503,38,6.16800022125244,1.36135590076447,1.3802285194397,0.519983291625977,0.518630743026733,0.325296461582184,0.00896481610834599,2017
Kuwait,29.31166,47.481766,39,6.10500001907349,1.63295245170593,1.25969874858856,0.632105708122253,0.496337592601776,0.228289797902107,0.215159550309181,2017
Slovakia,48.669026,19.699024,40,6.09800004959106,1.32539355754852,1.50505924224854,0.712732911109924,0.295817464590073,0.136544480919838,0.0242108516395092,2017
Bahrain,25.930414,50.637772,41,6.08699989318848,1.48841226100922,1.32311046123505,0.653133034706116,0.536746919155121,0.172668486833572,0.257042169570923,2017
Malaysia,4.210484,101.975766,42,6.08400011062622,1.29121541976929,1.28464603424072,0.618784427642822,0.40226498246192893,0.416608929634094,0.0656007081270218,2017
Nicaragua,12.865416,-85.207229,43,6.07100009918213,0.737299203872681,1.28721570968628,0.653095960617065,0.447551846504211,0.301674216985703,0.130687981843948,2017
Ecuador,-1.831239,-78.183406,44,6.00799989700317,1.00082039833069,1.28616881370544,0.685636222362518,0.4551981985569,0.150112465023994,0.140134647488594,2017
El Salvador,13.794185,-88.89653,45,6.002999782562259,0.909784495830536,1.18212509155273,0.596018552780151,0.432452529668808,0.0782579854130745,0.0899809598922729,2017
Poland,51.919438,19.145136,46,5.97300004959106,1.29178786277771,1.44571197032928,0.699475347995758,0.520342111587524,0.158465966582298,0.0593078061938286,2017
Uzbekistan,41.377491,64.585262,47,5.97100019454956,0.786441087722778,1.54896914958954,0.498272627592087,0.658248662948608,0.415983647108078,0.246528223156929,2017
Italy,41.87194,12.56738,48,5.96400022506714,1.39506661891937,1.44492328166962,0.853144347667694,0.256450712680817,0.17278964817524,0.0280280914157629,2017
Russia,61.52401,105.318756,49,5.962999820709231,1.28177809715271,1.46928238868713,0.547349333763123,0.373783111572266,0.0522638224065304,0.0329628810286522,2017
Belize,17.189877,-88.49765,50,5.955999851226809,0.907975316047668,1.08141779899597,0.450191766023636,0.547509372234344,0.240015640854836,0.0965810716152191,2017
Japan,36.204824,138.252924,51,5.92000007629395,1.41691517829895,1.43633782863617,0.913475871086121,0.505625545978546,0.12057276815176,0.163760736584663,2017
Lithuania,55.169438,23.881275,52,5.90199995040894,1.31458234786987,1.47351610660553,0.62894994020462,0.234231784939766,0.010164656676352,0.0118656428530812,2017
Algeria,28.033886,1.659626,53,5.872000217437741,1.09186446666718,1.1462174654007,0.617584645748138,0.233335807919502,0.0694366469979286,0.146096110343933,2017
Latvia,56.879635,24.603189,54,5.849999904632571,1.26074862480164,1.40471494197845,0.638566970825195,0.325707912445068,0.153074786067009,0.0738427266478539,2017
South Korea,35.907757,127.766922,55,5.837999820709231,1.40167844295502,1.12827444076538,0.900214076042175,0.257921665906906,0.206674367189407,0.0632826685905457,2017
Moldova,47.411631,28.369885,56,5.837999820709231,0.728870630264282,1.25182557106018,0.589465200901031,0.240729048848152,0.208779126405716,0.0100912861526012,2017
Romania,45.943161,24.96676,57,5.824999809265139,1.21768391132355,1.15009129047394,0.685158312320709,0.457003742456436,0.133519917726517,0.00438790069893003,2017
Bolivia,-16.290154,-63.588653,58,5.82299995422363,0.833756566047668,1.22761905193329,0.473630249500275,0.558732926845551,0.22556072473526,0.0604777261614799,2017
Turkmenistan,38.969719,59.556278,59,5.82200002670288,1.13077676296234,1.49314916133881,0.437726080417633,0.41827192902565,0.24992498755455,0.259270340204239,2017
Kazakhstan,48.019573,66.923684,60,5.81899976730347,1.28455626964569,1.38436901569366,0.606041550636292,0.43745428323745694,0.201964423060417,0.119282886385918,2017
North Cyprus,40.448761,-111.80763200000001,61,5.80999994277954,1.3469113111496,1.18630337715149,0.834647238254547,0.471203625202179,0.266845703125,0.155353352427483,2017
Slovenia,46.151241,14.995463,62,5.75799989700317,1.3412059545517,1.45251882076263,0.790828227996826,0.572575807571411,0.242649093270302,0.0451289787888527,2017
Peru,-9.189967,-75.015152,63,5.71500015258789,1.03522527217865,1.21877038478851,0.630166113376617,0.45000287890434304,0.126819714903831,0.0470490865409374,2017
Mauritius,-20.348404,57.552152,64,5.62900018692017,1.18939554691315,1.20956099033356,0.638007462024689,0.491247326135635,0.360933750867844,0.0421815551817417,2017
Cyprus,35.126413,33.429859,65,5.62099981307983,1.35593807697296,1.13136327266693,0.84471470117569,0.355111539363861,0.271254301071167,0.0412379764020443,2017
Estonia,58.595272,25.013607,66,5.61100006103516,1.32087934017181,1.47667109966278,0.695168316364288,0.479131430387497,0.0988908112049103,0.183248922228813,2017
Belarus,53.709807,27.953389,67,5.56899976730347,1.15655755996704,1.44494521617889,0.637714266777039,0.295400261878967,0.15513750910759,0.156313821673393,2017
Libya,26.3351,17.228331,68,5.525000095367429,1.10180306434631,1.35756433010101,0.520169019699097,0.465733230113983,0.152073666453362,0.0926102101802826,2017
Turkey,38.963745,35.243322,69,5.5,1.19827437400818,1.33775317668915,0.637605607509613,0.300740599632263,0.0466930419206619,0.0996715798974037,2017
Paraguay,-23.442503,-58.443832,70,5.493000030517581,0.932537317276001,1.50728487968445,0.579250693321228,0.473507791757584,0.224150657653809,0.091065913438797,2017
Hong Kong,22.28552,114.15768999999999,71,5.47200012207031,1.55167484283447,1.26279091835022,0.943062424659729,0.490968644618988,0.374465793371201,0.293933749198914,2017
Philippines,12.879721,121.774017,72,5.42999982833862,0.85769921541214,1.25391757488251,0.468009054660797,0.585214674472809,0.193513423204422,0.0993318930268288,2017
Serbia,44.016521,21.005859,73,5.39499998092651,1.06931757926941,1.25818979740143,0.65078467130661,0.208715528249741,0.220125883817673,0.0409037806093693,2017
Jordan,30.585164,36.238414,74,5.33599996566772,0.991012394428253,1.23908889293671,0.604590058326721,0.418421149253845,0.172170460224152,0.11980327218771,2017
Hungary,47.162494,19.503304,75,5.32399988174438,1.2860119342804,1.34313309192657,0.687763452529907,0.175863519310951,0.0784016624093056,0.0366369374096394,2017
Jamaica,18.109581,-77.297508,76,5.31099987030029,0.925579309463501,1.36821806430817,0.641022384166718,0.474307239055634,0.233818337321281,0.0552677810192108,2017
Croatia,45.1,15.2,77,5.29300022125244,1.22255623340607,0.96798300743103,0.701288521289825,0.255772292613983,0.248002976179123,0.0431031100451946,2017
Kosovo,42.602636,20.902977,78,5.27899980545044,0.951484382152557,1.13785350322723,0.541452050209045,0.260287940502167,0.319931447505951,0.0574716180562973,2017
China,35.86166,104.195397,79,5.2729997634887695,1.08116579055786,1.16083741188049,0.741415500640869,0.472787708044052,0.0288068410009146,0.0227942746132612,2017
Pakistan,30.375321,69.345116,80,5.26900005340576,0.72688353061676,0.672690689563751,0.402047783136368,0.23521526157856,0.315446019172668,0.124348066747189,2017
Indonesia,-0.789275,113.921327,81,5.26200008392334,0.995538592338562,1.27444469928741,0.492345720529556,0.443323463201523,0.611704587936401,0.0153171354904771,2017
Venezuela,6.42375,-66.58973,82,5.25,1.12843120098114,1.43133759498596,0.617144227027893,0.153997123241425,0.0650196298956871,0.0644911229610443,2017
Montenegro,42.708678,19.37439,83,5.23699998855591,1.12112903594971,1.23837649822235,0.667464673519135,0.194989055395126,0.197911024093628,0.0881741940975189,2017
Morocco,31.791702,-7.09262,84,5.2350001335144,0.878114581108093,0.774864435195923,0.59771066904068,0.408158332109451,0.0322099551558495,0.0877631828188896,2017
Azerbaijan,40.143105,47.576927,85,5.234000205993651,1.15360176563263,1.15240025520325,0.540775775909424,0.398155838251114,0.0452693402767181,0.180987507104874,2017
Dominican Republic,18.735693,-70.162651,86,5.230000019073491,1.07937383651733,1.40241670608521,0.574873745441437,0.55258983373642,0.186967849731445,0.113945253193378,2017
Greece,39.074208,21.824312,87,5.2270002365112305,1.28948748111725,1.23941457271576,0.810198903083801,0.0957312509417534,0.0,0.04328977689147,2017
Lebanon,33.854721,35.862285,88,5.22499990463257,1.07498753070831,1.12962424755096,0.735081076622009,0.288515985012054,0.264450758695602,0.037513829767704,2017
Portugal,39.399872,-8.224454,89,5.19500017166138,1.3151752948761,1.36704301834106,0.795843541622162,0.498465299606323,0.0951027125120163,0.0158694516867399,2017
Bosnia and Herzegovina,43.915886,17.679076,90,5.18200016021729,0.982409417629242,1.0693359375,0.705186307430267,0.204403176903725,0.328867495059967,0.0,2017
Honduras,15.199999,-86.241905,91,5.18100023269653,0.730573117733002,1.14394497871399,0.582569479942322,0.348079860210419,0.236188873648643,0.0733454525470734,2017
Macedonia,41.608635,21.745275,92,5.175000190734861,1.06457793712616,1.20789301395416,0.644948184490204,0.325905978679657,0.25376096367836,0.0602777935564518,2017
Somalia,5.152149,46.199616,93,5.151000022888179,0.0226431842893362,0.721151351928711,0.113989137113094,0.602126955986023,0.291631311178207,0.282410323619843,2017
Vietnam,14.058324,108.277199,94,5.07399988174438,0.788547575473785,1.27749133110046,0.652168989181519,0.571055591106415,0.234968051314354,0.0876332372426987,2017
Nigeria,9.081999,8.675277,95,5.07399988174438,0.783756256103516,1.21577048301697,0.0569157302379608,0.394952565431595,0.230947196483612,0.0261215660721064,2017
Tajikistan,38.861034,71.276093,96,5.04099988937378,0.524713635444641,1.27146327495575,0.529235124588013,0.471566706895828,0.248997643589973,0.146377146244049,2017
Bhutan,27.514162,90.433601,97,5.01100015640259,0.885416388511658,1.34012651443481,0.495879292488098,0.501537680625916,0.474054545164108,0.173380389809608,2017
Kyrgyzstan,41.20438,74.766098,98,5.00400018692017,0.596220076084137,1.39423859119415,0.553457796573639,0.454943388700485,0.42858037352562,0.0394391790032387,2017
Nepal,28.394857,84.124008,99,4.961999893188481,0.479820191860199,1.17928326129913,0.504130780696869,0.440305948257446,0.394096165895462,0.0729755461215973,2017
Mongolia,46.862496,103.846656,100,4.95499992370605,1.02723586559296,1.4930112361908,0.557783484458923,0.394143968820572,0.338464230298996,0.0329022891819477,2017
South Africa,-30.559482,22.937506,101,4.8289999961853,1.05469870567322,1.38478863239288,0.187080070376396,0.479246735572815,0.139362379908562,0.0725094974040985,2017
Tunisia,33.886917,9.537499,102,4.80499982833862,1.00726580619812,0.868351459503174,0.613212049007416,0.289680689573288,0.0496933571994305,0.0867231488227844,2017
Palestinian Territories,31.952162,35.233154,103,4.77500009536743,0.716249227523804,1.15564715862274,0.565666973590851,0.25471106171608,0.114173173904419,0.0892826020717621,2017
Egypt,26.820553,30.802498,104,4.7350001335144,0.989701807498932,0.997471392154694,0.520187258720398,0.282110154628754,0.128631442785263,0.114381365478039,2017
Bulgaria,42.733883,25.48583,105,4.71400022506714,1.1614590883255,1.43437945842743,0.708217680454254,0.289231717586517,0.113177694380283,0.0110515309497714,2017
Sierra Leone,8.460555,-11.779889,106,4.70900011062622,0.36842092871666,0.984136044979095,0.005564753897488121,0.318697690963745,0.293040901422501,0.0710951760411263,2017
Cameroon,7.369722,12.354722,107,4.69500017166138,0.564305365085602,0.946018218994141,0.132892116904259,0.430388748645782,0.236298456788063,0.0513066314160824,2017
Iran,32.427908,53.688046,108,4.69199991226196,1.15687310695648,0.711551249027252,0.639333188533783,0.249322608113289,0.387242913246155,0.048761073499918,2017
Albania,41.153332,20.168331,109,4.64400005340576,0.996192753314972,0.803685247898102,0.731159746646881,0.381498634815216,0.201312944293022,0.0398642159998417,2017
Bangladesh,23.684994,90.356331,110,4.60799980163574,0.586682975292206,0.735131740570068,0.533241033554077,0.478356659412384,0.172255352139473,0.123717859387398,2017
Namibia,-22.95764,18.49041,111,4.57399988174438,0.964434325695038,1.0984708070755,0.33861181139946,0.520303547382355,0.0771337449550629,0.0931469723582268,2017
Kenya,-0.023559,37.906193,112,4.55299997329712,0.560479462146759,1.06795072555542,0.309988349676132,0.452763766050339,0.444860309362411,0.0646413192152977,2017
Mozambique,-18.665695,35.529562,113,4.550000190734861,0.234305649995804,0.870701014995575,0.106654435396194,0.480791091918945,0.322228103876114,0.179436385631561,2017
Myanmar,21.916222,95.95597099999999,114,4.54500007629395,0.367110550403595,1.12323594093323,0.397522568702698,0.514492034912109,0.838075160980225,0.188816204667091,2017
Senegal,14.497401,-14.452362,115,4.53499984741211,0.479309022426605,1.17969191074371,0.409362852573395,0.37792226672172496,0.183468893170357,0.115460447967052,2017
Zambia,-13.133897,27.849332,116,4.513999938964839,0.636406779289246,1.00318729877472,0.257835894823074,0.461603492498398,0.249580144882202,0.0782135501503944,2017
Iraq,33.223191,43.679291,117,4.49700021743774,1.10271048545837,0.978613197803497,0.501180469989777,0.288555532693863,0.19963726401329,0.107215754687786,2017
Gabon,-0.803689,11.609444,118,4.46500015258789,1.1982102394104,1.1556202173233,0.356578588485718,0.312328577041626,0.0437853783369064,0.0760467872023582,2017
Ethiopia,9.145,40.489673,119,4.46000003814697,0.339233845472336,0.86466920375824,0.353409707546234,0.408842742443085,0.312650740146637,0.165455713868141,2017
Sri Lanka,7.873054,80.771797,120,4.44000005722046,1.00985014438629,1.25997638702393,0.625130832195282,0.561213254928589,0.490863561630249,0.0736539661884308,2017
Armenia,40.069099,45.038189,121,4.37599992752075,0.900596737861633,1.00748372077942,0.637524425983429,0.198303267359734,0.0834880918264389,0.0266744215041399,2017
India,20.593684,78.96288,122,4.31500005722046,0.792221248149872,0.754372596740723,0.455427616834641,0.469987004995346,0.231538489460945,0.0922268852591515,2017
Mauritania,21.00789,-10.940835,123,4.29199981689453,0.648457288742065,1.2720308303833,0.285349279642105,0.0960980430245399,0.201870024204254,0.136957004666328,2017
Congo (Brazzaville),-4.26613,15.283179999999998,124,4.29099988937378,0.808964252471924,0.832044363021851,0.28995743393898,0.435025870800018,0.120852127671242,0.0796181336045265,2017
Georgia,42.315407,43.356892,125,4.28599977493286,0.950612664222717,0.57061493396759,0.649546980857849,0.309410035610199,0.0540088154375553,0.251666635274887,2017
Congo (Kinshasa),-4.32153,15.31185,126,4.2800002098083505,0.0921023488044739,1.22902345657349,0.191407024860382,0.235961347818375,0.246455833315849,0.0602413564920425,2017
Mali,17.570692,-3.996166,127,4.19000005722046,0.476180493831635,1.28147339820862,0.169365674257278,0.306613743305206,0.183354198932648,0.104970246553421,2017
Ivory Coast,5.30966,-4.0126599999999994,128,4.17999982833862,0.603048920631409,0.904780030250549,0.0486421696841717,0.447706192731857,0.201237469911575,0.130061775445938,2017
Cambodia,12.565679,104.990963,129,4.16800022125244,0.601765096187592,1.00623834133148,0.429783403873444,0.633375823497772,0.385922968387604,0.0681059509515762,2017
Sudan,12.862807,30.217636,130,4.138999938964839,0.65951669216156,1.21400856971741,0.290920823812485,0.0149958552792668,0.182317450642586,0.089847519993782,2017
Ghana,7.946527,-1.023194,131,4.11999988555908,0.667224824428558,0.873664736747742,0.295637726783752,0.423026293516159,0.256923943758011,0.0253363698720932,2017
Ukraine,48.379433,31.16558,132,4.09600019454956,0.89465194940567,1.39453756809235,0.575903952121735,0.122974775731564,0.270061463117599,0.0230294708162546,2017
Uganda,1.373333,32.290275,133,4.08099985122681,0.381430715322495,1.12982773780823,0.217632606625557,0.443185955286026,0.325766056776047,0.057069718837738,2017
Burkina Faso,12.238333,-1.561593,134,4.03200006484985,0.3502277135849,1.04328000545502,0.215844258666039,0.324367851018906,0.250864684581757,0.120328105986118,2017
Niger,17.607789,8.081666,135,4.02799987792969,0.161925330758095,0.993025004863739,0.26850500702858,0.36365869641304,0.228673845529556,0.138572946190834,2017
Malawi,-13.254308,34.301525,136,3.97000002861023,0.233442038297653,0.512568831443787,0.315089583396912,0.466914653778076,0.287170469760895,0.0727116540074348,2017
Chad,15.454166,18.732207,137,3.9360001087188703,0.43801298737525907,0.953855872154236,0.0411347150802612,0.16234202682972,0.216113850474358,0.0535818822681904,2017
Zimbabwe,-19.015438,29.154857,138,3.875,0.375846534967422,1.08309590816498,0.196763753890991,0.336384207010269,0.189143493771553,0.0953753814101219,2017
Lesotho,-29.609988,28.233608,139,3.80800008773804,0.521021246910095,1.19009518623352,0.0,0.390661299228668,0.157497271895409,0.119094640016556,2017
Angola,-11.202692,17.873887,140,3.79500007629395,0.858428180217743,1.10441195964813,0.0498686656355858,0.0,0.097926490008831,0.0697203353047371,2017
Afghanistan,33.93911,67.709953,141,3.79399991035461,0.401477217674255,0.581543326377869,0.180746778845787,0.106179520487785,0.311870932579041,0.0611578300595284,2017
Botswana,-22.328474,24.684866,142,3.7660000324249294,1.12209415435791,1.22155499458313,0.341755509376526,0.505196332931519,0.0993484482169151,0.0985831990838051,2017
Benin,9.30769,2.315834,143,3.65700006484985,0.43108540773391696,0.435299843549728,0.209930211305618,0.42596277594566306,0.207948461174965,0.0609290152788162,2017
Madagascar,-18.766947,46.869107,144,3.64400005340576,0.305808693170547,0.913020372390747,0.375223308801651,0.189196765422821,0.208732530474663,0.0672319754958153,2017
Haiti,18.971187,-72.285215,145,3.6029999256134,0.368610262870789,0.640449821949005,0.277321130037308,0.0303698573261499,0.489203780889511,0.0998721495270729,2017
Yemen,15.552727,48.516388,146,3.59299993515015,0.591683447360992,0.93538224697113,0.310080915689468,0.249463722109795,0.104125209152699,0.0567674227058887,2017
South Sudan,4.85165,31.58247,147,3.59100008010864,0.39724862575531,0.601323127746582,0.163486003875732,0.147062435746193,0.285670816898346,0.116793513298035,2017
Liberia,6.428055,-9.429499,148,3.53299999237061,0.119041793048382,0.872117936611176,0.229918196797371,0.332881182432175,0.26654988527298,0.0389482490718365,2017
Guinea,9.945587,-9.696645,149,3.50699996948242,0.244549930095673,0.791244685649872,0.194129139184952,0.348587512969971,0.264815092086792,0.110937617719173,2017
Togo,8.619543,0.824782,150,3.49499988555908,0.305444717407227,0.431882530450821,0.247105568647385,0.38042613863945,0.196896150708199,0.0956650152802467,2017
Rwanda,-1.940278,29.873888,151,3.47099995613098,0.368745893239975,0.945707023143768,0.326424807310104,0.581843852996826,0.252756029367447,0.455220013856888,2017
Syria,34.802075,38.996815,152,3.46199989318848,0.777153134346008,0.396102607250214,0.50053334236145,0.0815394446253777,0.493663728237152,0.151347130537033,2017
Tanzania,-6.369028,34.888822,153,3.34899997711182,0.511135876178741,1.04198980331421,0.364509284496307,0.390017777681351,0.354256361722946,0.0660351067781448,2017
Burundi,-3.373056,29.918886,154,2.90499997138977,0.091622568666935,0.629793584346771,0.151610791683197,0.0599007532000542,0.204435184597969,0.0841479450464249,2017
Central African Republic,6.611111,20.939444,155,2.69300007820129,0.0,0.0,0.0187726859003305,0.270842045545578,0.280876487493515,0.0565650761127472,2017
